{
    "metadata": {
      "title": "Special Program Indicators (SPI)",
      "hts_usitc_source": "General Note 3(c)(i), Harmonized Tariff Schedule of the United States Revision 25 (2025)",
      "dataweb_source":"https://dataweb.usitc.gov/tariff/programs",
      "description": "Programs under which special tariff treatment may be provided, and the corresponding symbols as indicated in the 'Special' subcolumn",
      "extracted_date": "2025-10-20",
      "total_programs": 24,
      "iso_code_notes": {
        "XK": "User-assigned code for Kosovo (not official ISO 3166-1)",
        "PS": "Official code for Palestinian Territory (includes Gaza Strip and West Bank)",
        "EH": "Official code for Western Sahara"
      }
    },
    "special_program_indicators": [
      {
        "code": "A",
        "program_name": "Generalized System of Preferences",
        "countries": [
          {"name": "Afghanistan", "iso_alpha2": "AF"},
          {"name": "Albania", "iso_alpha2": "AL"},
          {"name": "Algeria", "iso_alpha2": "DZ"},
          {"name": "Angola", "iso_alpha2": "AO"},
          {"name": "Anguilla", "iso_alpha2": "AI"},
          {"name": "Argentina", "iso_alpha2": "AR"},
          {"name": "Armenia", "iso_alpha2": "AM"},
          {"name": "Azerbaijan", "iso_alpha2": "AZ"},
          {"name": "Belize", "iso_alpha2": "BZ"},
          {"name": "Benin", "iso_alpha2": "BJ"},
          {"name": "Bhutan", "iso_alpha2": "BT"},
          {"name": "Bolivia", "iso_alpha2": "BO"},
          {"name": "Bosnia and Herzegovina", "iso_alpha2": "BA"},
          {"name": "Botswana", "iso_alpha2": "BW"},
          {"name": "Brazil", "iso_alpha2": "BR"},
          {"name": "British Indian Ocean Territory", "iso_alpha2": "IO"},
          {"name": "British Virgin Islands", "iso_alpha2": "VG"},
          {"name": "Burkina Faso", "iso_alpha2": "BF"},
          {"name": "Burundi", "iso_alpha2": "BI"},
          {"name": "Cabo Verde", "iso_alpha2": "CV"},
          {"name": "Cambodia", "iso_alpha2": "KH"},
          {"name": "Cameroon", "iso_alpha2": "CM"},
          {"name": "Central African Republic", "iso_alpha2": "CF"},
          {"name": "Chad", "iso_alpha2": "TD"},
          {"name": "Christmas Island", "iso_alpha2": "CX"},
          {"name": "Cocos (Keeling) Islands", "iso_alpha2": "CC"},
          {"name": "Comoros", "iso_alpha2": "KM"},
          {"name": "Cook Islands", "iso_alpha2": "CK"},
          {"name": "Côte d'Ivoire", "iso_alpha2": "CI"},
          {"name": "Democratic Republic of the Congo", "iso_alpha2": "CD"},
          {"name": "Djibouti", "iso_alpha2": "DJ"},
          {"name": "Dominica", "iso_alpha2": "DM"},
          {"name": "Ecuador", "iso_alpha2": "EC"},
          {"name": "Egypt", "iso_alpha2": "EG"},
          {"name": "Eritrea", "iso_alpha2": "ER"},
          {"name": "Eswatini (Swaziland)", "iso_alpha2": "SZ"},
          {"name": "Ethiopia", "iso_alpha2": "ET"},
          {"name": "Falkland Islands", "iso_alpha2": "FK"},
          {"name": "Fiji", "iso_alpha2": "FJ"},
          {"name": "Gabon", "iso_alpha2": "GA"},
          {"name": "Gambia", "iso_alpha2": "GM"},
          {"name": "Gaza Strip", "iso_alpha2": "PS", "note": "Part of Palestinian Territory"},
          {"name": "Georgia", "iso_alpha2": "GE"},
          {"name": "Ghana", "iso_alpha2": "GH"},
          {"name": "Grenada", "iso_alpha2": "GD"},
          {"name": "Guinea", "iso_alpha2": "GN"},
          {"name": "Guinea-Bissau", "iso_alpha2": "GW"},
          {"name": "Guyana", "iso_alpha2": "GY"},
          {"name": "Haiti", "iso_alpha2": "HT"},
          {"name": "Heard and McDonald Islands", "iso_alpha2": "HM"},
          {"name": "Indonesia", "iso_alpha2": "ID"},
          {"name": "Iraq", "iso_alpha2": "IQ"},
          {"name": "Jamaica", "iso_alpha2": "JM"},
          {"name": "Jordan", "iso_alpha2": "JO"},
          {"name": "Kazakhstan", "iso_alpha2": "KZ"},
          {"name": "Kenya", "iso_alpha2": "KE"},
          {"name": "Kiribati", "iso_alpha2": "KI"},
          {"name": "Kosovo", "iso_alpha2": "XK", "note": "User-assigned code, not official ISO 3166-1"},
          {"name": "Kyrgyzstan", "iso_alpha2": "KG"},
          {"name": "Lebanon", "iso_alpha2": "LB"},
          {"name": "Lesotho", "iso_alpha2": "LS"},
          {"name": "Liberia", "iso_alpha2": "LR"},
          {"name": "Madagascar", "iso_alpha2": "MG"},
          {"name": "Malawi", "iso_alpha2": "MW"},
          {"name": "Maldives", "iso_alpha2": "MV"},
          {"name": "Mali", "iso_alpha2": "ML"},
          {"name": "Mauritania", "iso_alpha2": "MR"},
          {"name": "Mauritius", "iso_alpha2": "MU"},
          {"name": "Moldova", "iso_alpha2": "MD"},
          {"name": "Mongolia", "iso_alpha2": "MN"},
          {"name": "Montenegro", "iso_alpha2": "ME"},
          {"name": "Montserrat", "iso_alpha2": "MS"},
          {"name": "Mozambique", "iso_alpha2": "MZ"},
          {"name": "Myanmar (Burma)", "iso_alpha2": "MM"},
          {"name": "Namibia", "iso_alpha2": "NA"},
          {"name": "Nepal", "iso_alpha2": "NP"},
          {"name": "Niger", "iso_alpha2": "NE"},
          {"name": "Nigeria", "iso_alpha2": "NG"},
          {"name": "Niue", "iso_alpha2": "NU"},
          {"name": "Norfolk Island", "iso_alpha2": "NF"},
          {"name": "North Macedonia", "iso_alpha2": "MK"},
          {"name": "Pakistan", "iso_alpha2": "PK"},
          {"name": "Papua New Guinea", "iso_alpha2": "PG"},
          {"name": "Paraguay", "iso_alpha2": "PY"},
          {"name": "Philippines", "iso_alpha2": "PH"},
          {"name": "Pitcairn Islands", "iso_alpha2": "PN"},
          {"name": "Republic of the Congo", "iso_alpha2": "CG"},
          {"name": "Rwanda", "iso_alpha2": "RW"},
          {"name": "Saint Helena", "iso_alpha2": "SH"},
          {"name": "Saint Lucia", "iso_alpha2": "LC"},
          {"name": "Saint Vincent and the Grenadines", "iso_alpha2": "VC"},
          {"name": "Samoa", "iso_alpha2": "WS"},
          {"name": "Senegal", "iso_alpha2": "SN"},
          {"name": "Serbia", "iso_alpha2": "RS"},
          {"name": "Sierra Leone", "iso_alpha2": "SL"},
          {"name": "Solomon Islands", "iso_alpha2": "SB"},
          {"name": "Somalia", "iso_alpha2": "SO"},
          {"name": "South Africa", "iso_alpha2": "ZA"},
          {"name": "South Sudan", "iso_alpha2": "SS"},
          {"name": "Sri Lanka", "iso_alpha2": "LK"},
          {"name": "Suriname", "iso_alpha2": "SR"},
          {"name": "São Tomé and Príncipe", "iso_alpha2": "ST"},
          {"name": "Tanzania", "iso_alpha2": "TZ"},
          {"name": "Thailand", "iso_alpha2": "TH"},
          {"name": "Timor-Leste", "iso_alpha2": "TL"},
          {"name": "Togo", "iso_alpha2": "TG"},
          {"name": "Tokelau", "iso_alpha2": "TK"},
          {"name": "Tonga", "iso_alpha2": "TO"},
          {"name": "Tunisia", "iso_alpha2": "TN"},
          {"name": "Tuvalu", "iso_alpha2": "TV"},
          {"name": "Uganda", "iso_alpha2": "UG"},
          {"name": "Ukraine", "iso_alpha2": "UA"},
          {"name": "Uzbekistan", "iso_alpha2": "UZ"},
          {"name": "Vanuatu", "iso_alpha2": "VU"},
          {"name": "Wallis and Futuna", "iso_alpha2": "WF"},
          {"name": "West Bank", "iso_alpha2": "PS", "note": "Part of Palestinian Territory"},
          {"name": "Western Sahara", "iso_alpha2": "EH"},
          {"name": "Yemen", "iso_alpha2": "YE"},
          {"name": "Zambia", "iso_alpha2": "ZM"},
          {"name": "Zimbabwe", "iso_alpha2": "ZW"}
        ]
      },
      {
        "code": "A*",
        "program_name": "Generalized System of Preferences",
        "countries": []
      },
      {
        "code": "A+",
        "program_name": "Generalized System of Preferences",
        "countries": [
          {"name": "Afghanistan", "iso_alpha2": "AF"},
          {"name": "Angola", "iso_alpha2": "AO"},
          {"name": "Benin", "iso_alpha2": "BJ"},
          {"name": "Bhutan", "iso_alpha2": "BT"},
          {"name": "Burkina Faso", "iso_alpha2": "BF"},
          {"name": "Burundi", "iso_alpha2": "BI"},
          {"name": "Cambodia", "iso_alpha2": "KH"},
          {"name": "Central African Republic", "iso_alpha2": "CF"},
          {"name": "Chad", "iso_alpha2": "TD"},
          {"name": "Comoros", "iso_alpha2": "KM"},
          {"name": "Democratic Republic of the Congo", "iso_alpha2": "CD"},
          {"name": "Djibouti", "iso_alpha2": "DJ"},
          {"name": "Ethiopia", "iso_alpha2": "ET"},
          {"name": "Gambia", "iso_alpha2": "GM"},
          {"name": "Guinea", "iso_alpha2": "GN"},
          {"name": "Guinea-Bissau", "iso_alpha2": "GW"},
          {"name": "Haiti", "iso_alpha2": "HT"},
          {"name": "Kiribati", "iso_alpha2": "KI"},
          {"name": "Lesotho", "iso_alpha2": "LS"},
          {"name": "Liberia", "iso_alpha2": "LR"},
          {"name": "Madagascar", "iso_alpha2": "MG"},
          {"name": "Malawi", "iso_alpha2": "MW"},
          {"name": "Mali", "iso_alpha2": "ML"},
          {"name": "Mauritania", "iso_alpha2": "MR"},
          {"name": "Mozambique", "iso_alpha2": "MZ"},
          {"name": "Myanmar (Burma)", "iso_alpha2": "MM"},
          {"name": "Nepal", "iso_alpha2": "NP"},
          {"name": "Niger", "iso_alpha2": "NE"},
          {"name": "Rwanda", "iso_alpha2": "RW"},
          {"name": "Samoa", "iso_alpha2": "WS"},
          {"name": "Senegal", "iso_alpha2": "SN"},
          {"name": "Sierra Leone", "iso_alpha2": "SL"},
          {"name": "Solomon Islands", "iso_alpha2": "SB"},
          {"name": "Somalia", "iso_alpha2": "SO"},
          {"name": "South Sudan", "iso_alpha2": "SS"},
          {"name": "São Tomé and Príncipe", "iso_alpha2": "ST"},
          {"name": "Tanzania", "iso_alpha2": "TZ"},
          {"name": "Timor-Leste", "iso_alpha2": "TL"},
          {"name": "Togo", "iso_alpha2": "TG"},
          {"name": "Tuvalu", "iso_alpha2": "TV"},
          {"name": "Uganda", "iso_alpha2": "UG"},
          {"name": "Vanuatu", "iso_alpha2": "VU"},
          {"name": "Yemen", "iso_alpha2": "YE"},
          {"name": "Zambia", "iso_alpha2": "ZM"}
        ]
      },
      {
        "code": "AU",
        "program_name": "United States-Australia Free Trade Agreement",
        "countries": [
          {"name": "Australia", "iso_alpha2": "AU"}
        ]
      },
      {
        "code": "B",
        "program_name": "Automotive Products Trade Act",
        "countries": [
          {"name": "Canada", "iso_alpha2": "CA"}
        ]
      },
      {
        "code": "BH",
        "program_name": "United States-Bahrain Free Trade Agreement Implementation Act",
        "countries": [
          {"name": "Bahrain", "iso_alpha2": "BH"}
        ]
      },
      {
        "code": "C",
        "program_name": "Agreement on Trade in Civil Aircraft",
        "countries": [
          {"name": "Afghanistan", "iso_alpha2": "AF"},
          {"name": "Albania", "iso_alpha2": "AL"},
          {"name": "Andorra", "iso_alpha2": "AD"},
          {"name": "Angola", "iso_alpha2": "AO"},
          {"name": "Anguilla", "iso_alpha2": "AI"},
          {"name": "Antigua and Barbuda", "iso_alpha2": "AG"},
          {"name": "Argentina", "iso_alpha2": "AR"},
          {"name": "Armenia", "iso_alpha2": "AM"},
          {"name": "Aruba", "iso_alpha2": "AW"},
          {"name": "Australia", "iso_alpha2": "AU"},
          {"name": "Austria", "iso_alpha2": "AT"},
          {"name": "Azerbaijan", "iso_alpha2": "AZ"},
          {"name": "Bahamas", "iso_alpha2": "BS"},
          {"name": "Bahrain", "iso_alpha2": "BH"},
          {"name": "Bangladesh", "iso_alpha2": "BD"},
          {"name": "Barbados", "iso_alpha2": "BB"},
          {"name": "Belarus", "iso_alpha2": "BY"},
          {"name": "Belgium", "iso_alpha2": "BE"},
          {"name": "Belize", "iso_alpha2": "BZ"},
          {"name": "Benin", "iso_alpha2": "BJ"},
          {"name": "Bermuda", "iso_alpha2": "BM"},
          {"name": "Bhutan", "iso_alpha2": "BT"},
          {"name": "Bolivia", "iso_alpha2": "BO"},
          {"name": "Bosnia and Herzegovina", "iso_alpha2": "BA"},
          {"name": "Botswana", "iso_alpha2": "BW"},
          {"name": "Brazil", "iso_alpha2": "BR"},
          {"name": "British Indian Ocean Territory", "iso_alpha2": "IO"},
          {"name": "British Virgin Islands", "iso_alpha2": "VG"},
          {"name": "Brunei", "iso_alpha2": "BN"},
          {"name": "Bulgaria", "iso_alpha2": "BG"},
          {"name": "Burkina Faso", "iso_alpha2": "BF"},
          {"name": "Burundi", "iso_alpha2": "BI"},
          {"name": "Cabo Verde", "iso_alpha2": "CV"},
          {"name": "Cambodia", "iso_alpha2": "KH"},
          {"name": "Cameroon", "iso_alpha2": "CM"},
          {"name": "Canada", "iso_alpha2": "CA"},
          {"name": "Cayman Islands", "iso_alpha2": "KY"},
          {"name": "Central African Republic", "iso_alpha2": "CF"},
          {"name": "Chad", "iso_alpha2": "TD"},
          {"name": "Chile", "iso_alpha2": "CL"},
          {"name": "China", "iso_alpha2": "CN"},
          {"name": "Christmas Island", "iso_alpha2": "CX"},
          {"name": "Cocos (Keeling) Islands", "iso_alpha2": "CC"},
          {"name": "Colombia", "iso_alpha2": "CO"},
          {"name": "Comoros", "iso_alpha2": "KM"},
          {"name": "Cook Islands", "iso_alpha2": "CK"},
          {"name": "Costa Rica", "iso_alpha2": "CR"},
          {"name": "Croatia", "iso_alpha2": "HR"},
          {"name": "Cyprus", "iso_alpha2": "CY"},
          {"name": "Czechia (Czech Republic)", "iso_alpha2": "CZ"},
          {"name": "Czechoslovakia", "iso_alpha2": "CS", "note": "Historical - dissolved 1993"},
          {"name": "Côte d'Ivoire", "iso_alpha2": "CI"},
          {"name": "Democratic Republic of the Congo", "iso_alpha2": "CD"},
          {"name": "Denmark", "iso_alpha2": "DK"},
          {"name": "Djibouti", "iso_alpha2": "DJ"},
          {"name": "Dominica", "iso_alpha2": "DM"},
          {"name": "Dominican Republic", "iso_alpha2": "DO"},
          {"name": "East Germany", "iso_alpha2": "DD", "note": "Historical - reunified with West Germany 1990"},
          {"name": "Ecuador", "iso_alpha2": "EC"},
          {"name": "Egypt", "iso_alpha2": "EG"},
          {"name": "El Salvador", "iso_alpha2": "SV"},
          {"name": "Equatorial Guinea", "iso_alpha2": "GQ"},
          {"name": "Eritrea", "iso_alpha2": "ER"},
          {"name": "Estonia", "iso_alpha2": "EE"},
          {"name": "Eswatini (Swaziland)", "iso_alpha2": "SZ"},
          {"name": "Ethiopia", "iso_alpha2": "ET"},
          {"name": "Ethiopia prior to Eritrea split", "iso_alpha2": "ET", "note": "Historical reference"},
          {"name": "Falkland Islands", "iso_alpha2": "FK"},
          {"name": "Faroe Islands", "iso_alpha2": "FO"},
          {"name": "Fiji", "iso_alpha2": "FJ"},
          {"name": "Finland", "iso_alpha2": "FI"},
          {"name": "France", "iso_alpha2": "FR"},
          {"name": "French Guiana", "iso_alpha2": "GF"},
          {"name": "French Polynesia", "iso_alpha2": "PF"},
          {"name": "French Southern and Antarctic Lands", "iso_alpha2": "TF"},
          {"name": "Gabon", "iso_alpha2": "GA"},
          {"name": "Gambia", "iso_alpha2": "GM"},
          {"name": "Gaza Strip", "iso_alpha2": "PS", "note": "Part of Palestinian Territory"},
          {"name": "Georgia", "iso_alpha2": "GE"},
          {"name": "Germany", "iso_alpha2": "DE"},
          {"name": "Ghana", "iso_alpha2": "GH"},
          {"name": "Gibraltar", "iso_alpha2": "GI"},
          {"name": "Greece", "iso_alpha2": "GR"},
          {"name": "Greenland", "iso_alpha2": "GL"},
          {"name": "Grenada", "iso_alpha2": "GD"},
          {"name": "Guadeloupe", "iso_alpha2": "GP"},
          {"name": "Guatemala", "iso_alpha2": "GT"},
          {"name": "Guinea", "iso_alpha2": "GN"},
          {"name": "Guinea-Bissau", "iso_alpha2": "GW"},
          {"name": "Guyana", "iso_alpha2": "GY"},
          {"name": "Haiti", "iso_alpha2": "HT"},
          {"name": "Heard and McDonald Islands", "iso_alpha2": "HM"},
          {"name": "Honduras", "iso_alpha2": "HN"},
          {"name": "Hong Kong", "iso_alpha2": "HK"},
          {"name": "Hungary", "iso_alpha2": "HU"},
          {"name": "Iceland", "iso_alpha2": "IS"},
          {"name": "India", "iso_alpha2": "IN"},
          {"name": "Indonesia", "iso_alpha2": "ID"},
          {"name": "Internat Organization", "iso_alpha2": "XZ", "note": "Special user-assigned code"},
          {"name": "Iran", "iso_alpha2": "IR"},
          {"name": "Iraq", "iso_alpha2": "IQ"},
          {"name": "Ireland", "iso_alpha2": "IE"},
          {"name": "Israel", "iso_alpha2": "IL"},
          {"name": "Israel prior to 1989", "iso_alpha2": "IL", "note": "Historical reference"},
          {"name": "Italy", "iso_alpha2": "IT"},
          {"name": "Jamaica", "iso_alpha2": "JM"},
          {"name": "Japan", "iso_alpha2": "JP"},
          {"name": "Jordan", "iso_alpha2": "JO"},
          {"name": "Kazakhstan", "iso_alpha2": "KZ"},
          {"name": "Kenya", "iso_alpha2": "KE"},
          {"name": "Kiribati", "iso_alpha2": "KI"},
          {"name": "Kosovo", "iso_alpha2": "XK", "note": "User-assigned code"},
          {"name": "Kuwait", "iso_alpha2": "KW"},
          {"name": "Kyrgyzstan", "iso_alpha2": "KG"},
          {"name": "Laos", "iso_alpha2": "LA"},
          {"name": "Latvia", "iso_alpha2": "LV"},
          {"name": "Lebanon", "iso_alpha2": "LB"},
          {"name": "Lesotho", "iso_alpha2": "LS"},
          {"name": "Liberia", "iso_alpha2": "LR"},
          {"name": "Libya", "iso_alpha2": "LY"},
          {"name": "Liechtenstein", "iso_alpha2": "LI"},
          {"name": "Lithuania", "iso_alpha2": "LT"},
          {"name": "Luxembourg", "iso_alpha2": "LU"},
          {"name": "Macau", "iso_alpha2": "MO"},
          {"name": "Madagascar", "iso_alpha2": "MG"},
          {"name": "Malawi", "iso_alpha2": "MW"},
          {"name": "Malaysia", "iso_alpha2": "MY"},
          {"name": "Maldives", "iso_alpha2": "MV"},
          {"name": "Mali", "iso_alpha2": "ML"},
          {"name": "Malta", "iso_alpha2": "MT"},
          {"name": "Marshall Islands", "iso_alpha2": "MH"},
          {"name": "Martinique", "iso_alpha2": "MQ"},
          {"name": "Mauritania", "iso_alpha2": "MR"},
          {"name": "Mauritius", "iso_alpha2": "MU"},
          {"name": "Mayotte", "iso_alpha2": "YT"},
          {"name": "Mexico", "iso_alpha2": "MX"},
          {"name": "Micronesia", "iso_alpha2": "FM"},
          {"name": "Moldova", "iso_alpha2": "MD"},
          {"name": "Monaco", "iso_alpha2": "MC"},
          {"name": "Mongolia", "iso_alpha2": "MN"},
          {"name": "Montenegro", "iso_alpha2": "ME"},
          {"name": "Montserrat", "iso_alpha2": "MS"},
          {"name": "Morocco", "iso_alpha2": "MA"},
          {"name": "Mozambique", "iso_alpha2": "MZ"},
          {"name": "Myanmar (Burma)", "iso_alpha2": "MM"},
          {"name": "Namibia", "iso_alpha2": "NA"},
          {"name": "Nauru", "iso_alpha2": "NR"},
          {"name": "Nepal", "iso_alpha2": "NP"},
          {"name": "Netherlands", "iso_alpha2": "NL"},
          {"name": "Netherlands Antilles", "iso_alpha2": "AN", "note": "Historical - dissolved 2010"},
          {"name": "New Caledonia", "iso_alpha2": "NC"},
          {"name": "New Zealand", "iso_alpha2": "NZ"},
          {"name": "Nicaragua", "iso_alpha2": "NI"},
          {"name": "Niger", "iso_alpha2": "NE"},
          {"name": "Nigeria", "iso_alpha2": "NG"},
          {"name": "Niue", "iso_alpha2": "NU"},
          {"name": "Norfolk Island", "iso_alpha2": "NF"},
          {"name": "North Macedonia", "iso_alpha2": "MK"},
          {"name": "Norway", "iso_alpha2": "NO"},
          {"name": "Oman", "iso_alpha2": "OM"},
          {"name": "Pakistan", "iso_alpha2": "PK"},
          {"name": "Palau", "iso_alpha2": "PW"},
          {"name": "Panama", "iso_alpha2": "PA"},
          {"name": "Papua New Guinea", "iso_alpha2": "PG"},
          {"name": "Paraguay", "iso_alpha2": "PY"},
          {"name": "Peru", "iso_alpha2": "PE"},
          {"name": "Philippines", "iso_alpha2": "PH"},
          {"name": "Pitcairn Islands", "iso_alpha2": "PN"},
          {"name": "Poland", "iso_alpha2": "PL"},
          {"name": "Portugal", "iso_alpha2": "PT"},
          {"name": "Puerto Rico/US", "iso_alpha2": "PR"},
          {"name": "Qatar", "iso_alpha2": "QA"},
          {"name": "Republic of the Congo", "iso_alpha2": "CG"},
          {"name": "Reunion", "iso_alpha2": "RE"},
          {"name": "Romania", "iso_alpha2": "RO"},
          {"name": "Russia", "iso_alpha2": "RU"},
          {"name": "Rwanda", "iso_alpha2": "RW"},
          {"name": "Saint Helena", "iso_alpha2": "SH"},
          {"name": "Saint Kitts and Nevis", "iso_alpha2": "KN"},
          {"name": "Saint Lucia", "iso_alpha2": "LC"},
          {"name": "Saint Pierre and Miquelon", "iso_alpha2": "PM"},
          {"name": "Saint Vincent and the Grenadines", "iso_alpha2": "VC"},
          {"name": "Samoa", "iso_alpha2": "WS"},
          {"name": "San Marino", "iso_alpha2": "SM"},
          {"name": "Saudi Arabia", "iso_alpha2": "SA"},
          {"name": "Saudi Arabian-Iraqi neutral zone", "iso_alpha2": "XE", "note": "Historical - partitioned 1991"},
          {"name": "Senegal", "iso_alpha2": "SN"},
          {"name": "Serbia", "iso_alpha2": "RS"},
          {"name": "Serbia and Montenegro", "iso_alpha2": "CS", "note": "Historical - dissolved 2006"},
          {"name": "Serbia prior to 2009", "iso_alpha2": "RS", "note": "Historical reference"},
          {"name": "Seychelles", "iso_alpha2": "SC"},
          {"name": "Sierra Leone", "iso_alpha2": "SL"},
          {"name": "Singapore", "iso_alpha2": "SG"},
          {"name": "Slovakia", "iso_alpha2": "SK"},
          {"name": "Slovenia", "iso_alpha2": "SI"},
          {"name": "Solomon Islands", "iso_alpha2": "SB"},
          {"name": "Somalia", "iso_alpha2": "SO"},
          {"name": "South Africa", "iso_alpha2": "ZA"},
          {"name": "South Korea", "iso_alpha2": "KR"},
          {"name": "South Sudan", "iso_alpha2": "SS"},
          {"name": "South Yemen", "iso_alpha2": "YD", "note": "Historical - unified with North Yemen 1990"},
          {"name": "Soviet Union", "iso_alpha2": "SU", "note": "Historical - dissolved 1991"},
          {"name": "Spain", "iso_alpha2": "ES"},
          {"name": "Sri Lanka", "iso_alpha2": "LK"},
          {"name": "Sudan", "iso_alpha2": "SD"},
          {"name": "Sudan prior to South Sudan split", "iso_alpha2": "SD", "note": "Historical reference"},
          {"name": "Suriname", "iso_alpha2": "SR"},
          {"name": "Svalbard and Jan Mayen", "iso_alpha2": "SJ"},
          {"name": "Sweden", "iso_alpha2": "SE"},
          {"name": "Switzerland", "iso_alpha2": "CH"},
          {"name": "Syria", "iso_alpha2": "SY"},
          {"name": "São Tomé and Príncipe", "iso_alpha2": "ST"},
          {"name": "Taiwan", "iso_alpha2": "TW"},
          {"name": "Tajikistan", "iso_alpha2": "TJ"},
          {"name": "Tanzania", "iso_alpha2": "TZ"},
          {"name": "Thailand", "iso_alpha2": "TH"},
          {"name": "Timor-Leste", "iso_alpha2": "TL"},
          {"name": "Togo", "iso_alpha2": "TG"},
          {"name": "Tokelau", "iso_alpha2": "TK"},
          {"name": "Tonga", "iso_alpha2": "TO"},
          {"name": "Transshipment", "iso_alpha2": "XX", "note": "Special code for transshipment"},
          {"name": "Trinidad and Tobago", "iso_alpha2": "TT"},
          {"name": "Tunisia", "iso_alpha2": "TN"},
          {"name": "Turkey", "iso_alpha2": "TR"},
          {"name": "Turkmenistan", "iso_alpha2": "TM"},
          {"name": "Turks and Caicos Islands", "iso_alpha2": "TC"},
          {"name": "Tuvalu", "iso_alpha2": "TV"},
          {"name": "Uganda", "iso_alpha2": "UG"},
          {"name": "Ukraine", "iso_alpha2": "UA"},
          {"name": "United Arab Emirates", "iso_alpha2": "AE"},
          {"name": "United Kingdom", "iso_alpha2": "GB"},
          {"name": "Unspecified", "iso_alpha2": "ZZ", "note": "Special code for unspecified countries"},
          {"name": "Uruguay", "iso_alpha2": "UY"},
          {"name": "Uzbekistan", "iso_alpha2": "UZ"},
          {"name": "Vanuatu", "iso_alpha2": "VU"},
          {"name": "Vatican City", "iso_alpha2": "VA"},
          {"name": "Venezuela", "iso_alpha2": "VE"},
          {"name": "Vietnam", "iso_alpha2": "VN"},
          {"name": "Wallis and Futuna", "iso_alpha2": "WF"},
          {"name": "West Bank", "iso_alpha2": "PS", "note": "Part of Palestinian Territory"},
          {"name": "Western Sahara", "iso_alpha2": "EH"},
          {"name": "Yemen", "iso_alpha2": "YE"},
          {"name": "Zambia", "iso_alpha2": "ZM"},
          {"name": "Zimbabwe", "iso_alpha2": "ZW"}
        ]
      },
      {
        "code": "CA",
        "program_name": "NAFTA for Canada",
        "countries": [
          {"name": "Canada", "iso_alpha2": "CA"}
        ]
      },
      {
        "code": "CL",
        "program_name": "United States-Chile Free Trade Agreement",
        "countries": [
          {"name": "Chile", "iso_alpha2": "CL"}
        ]
      },
      {
        "code": "D",
        "program_name": "African Growth and Opportunity Act",
        "countries": [
          {"name": "Angola", "iso_alpha2": "AO"},
          {"name": "Benin", "iso_alpha2": "BJ"},
          {"name": "Botswana", "iso_alpha2": "BW"},
          {"name": "Burkina Faso", "iso_alpha2": "BF"},
          {"name": "Cabo Verde", "iso_alpha2": "CV"},
          {"name": "Central African Republic", "iso_alpha2": "CF"},
          {"name": "Chad", "iso_alpha2": "TD"},
          {"name": "Comoros", "iso_alpha2": "KM"},
          {"name": "Côte d'Ivoire", "iso_alpha2": "CI"},
          {"name": "Democratic Republic of the Congo", "iso_alpha2": "CD"},
          {"name": "Djibouti", "iso_alpha2": "DJ"},
          {"name": "Eswatini (Swaziland)", "iso_alpha2": "SZ"},
          {"name": "Ethiopia", "iso_alpha2": "ET"},
          {"name": "Gabon", "iso_alpha2": "GA"},
          {"name": "Gambia", "iso_alpha2": "GM"},
          {"name": "Ghana", "iso_alpha2": "GH"},
          {"name": "Guinea", "iso_alpha2": "GN"},
          {"name": "Guinea-Bissau", "iso_alpha2": "GW"},
          {"name": "Kenya", "iso_alpha2": "KE"},
          {"name": "Lesotho", "iso_alpha2": "LS"},
          {"name": "Liberia", "iso_alpha2": "LR"},
          {"name": "Madagascar", "iso_alpha2": "MG"},
          {"name": "Malawi", "iso_alpha2": "MW"},
          {"name": "Mali", "iso_alpha2": "ML"},
          {"name": "Mauritius", "iso_alpha2": "MU"},
          {"name": "Mozambique", "iso_alpha2": "MZ"},
          {"name": "Namibia", "iso_alpha2": "NA"},
          {"name": "Niger", "iso_alpha2": "NE"},
          {"name": "Nigeria", "iso_alpha2": "NG"},
          {"name": "Republic of the Congo", "iso_alpha2": "CG"},
          {"name": "Rwanda", "iso_alpha2": "RW"},
          {"name": "Senegal", "iso_alpha2": "SN"},
          {"name": "Sierra Leone", "iso_alpha2": "SL"},
          {"name": "South Africa", "iso_alpha2": "ZA"},
          {"name": "São Tomé and Príncipe", "iso_alpha2": "ST"},
          {"name": "Tanzania", "iso_alpha2": "TZ"},
          {"name": "Togo", "iso_alpha2": "TG"},
          {"name": "Uganda", "iso_alpha2": "UG"},
          {"name": "Zambia", "iso_alpha2": "ZM"}
        ]
      },
      {
        "code": "E",
        "program_name": "Caribbean Basin Economic Recovery Act",
        "countries": [
          {"name": "Antigua and Barbuda", "iso_alpha2": "AG"},
          {"name": "Aruba", "iso_alpha2": "AW"},
          {"name": "Bahamas", "iso_alpha2": "BS"},
          {"name": "Barbados", "iso_alpha2": "BB"},
          {"name": "Belize", "iso_alpha2": "BZ"},
          {"name": "British Virgin Islands", "iso_alpha2": "VG"},
          {"name": "Curaçao", "iso_alpha2": "CW"},
          {"name": "Dominica", "iso_alpha2": "DM"},
          {"name": "Grenada", "iso_alpha2": "GD"},
          {"name": "Guyana", "iso_alpha2": "GY"},
          {"name": "Haiti", "iso_alpha2": "HT"},
          {"name": "Jamaica", "iso_alpha2": "JM"},
          {"name": "Montserrat", "iso_alpha2": "MS"},
          {"name": "Netherlands Antilles", "iso_alpha2": "AN", "note": "Historical - dissolved 2010"},
          {"name": "Saint Kitts and Nevis", "iso_alpha2": "KN"},
          {"name": "Saint Lucia", "iso_alpha2": "LC"},
          {"name": "Saint Vincent and the Grenadines", "iso_alpha2": "VC"},
          {"name": "Trinidad and Tobago", "iso_alpha2": "TT"}
        ]
      },
      {
        "code": "E*",
        "program_name": "Caribbean Basin Economic Recovery Act",
        "countries": []
      },
      {
        "code": "IL",
        "program_name": "United States-Israel Free Trade Area",
        "countries": [
          {"name": "Israel", "iso_alpha2": "IL"}
        ]
      },
      {
        "code": "JO",
        "program_name": "United States-Jordan Free Trade Area Implementation Act",
        "countries": [
          {"name": "Jordan", "iso_alpha2": "JO"}
        ]
      },
      {
        "code": "JP",
        "program_name": "Trade Agreement Between the United States and Japan",
        "countries": [
          {"name": "Japan", "iso_alpha2": "JP"}
        ]
      },
      {
        "code": "K",
        "program_name": "Agreement on Trade in Pharmaceutical Products",
        "countries": [
          {"name": "Afghanistan", "iso_alpha2": "AF"},
          {"name": "Albania", "iso_alpha2": "AL"},
          {"name": "Andorra", "iso_alpha2": "AD"},
          {"name": "Angola", "iso_alpha2": "AO"},
          {"name": "Anguilla", "iso_alpha2": "AI"},
          {"name": "Antigua and Barbuda", "iso_alpha2": "AG"},
          {"name": "Argentina", "iso_alpha2": "AR"},
          {"name": "Armenia", "iso_alpha2": "AM"},
          {"name": "Aruba", "iso_alpha2": "AW"},
          {"name": "Australia", "iso_alpha2": "AU"},
          {"name": "Austria", "iso_alpha2": "AT"},
          {"name": "Azerbaijan", "iso_alpha2": "AZ"},
          {"name": "Bahamas", "iso_alpha2": "BS"},
          {"name": "Bahrain", "iso_alpha2": "BH"},
          {"name": "Bangladesh", "iso_alpha2": "BD"},
          {"name": "Barbados", "iso_alpha2": "BB"},
          {"name": "Belarus", "iso_alpha2": "BY"},
          {"name": "Belgium", "iso_alpha2": "BE"},
          {"name": "Belize", "iso_alpha2": "BZ"},
          {"name": "Benin", "iso_alpha2": "BJ"},
          {"name": "Bermuda", "iso_alpha2": "BM"},
          {"name": "Bhutan", "iso_alpha2": "BT"},
          {"name": "Bolivia", "iso_alpha2": "BO"},
          {"name": "Bosnia and Herzegovina", "iso_alpha2": "BA"},
          {"name": "Botswana", "iso_alpha2": "BW"},
          {"name": "Brazil", "iso_alpha2": "BR"},
          {"name": "British Indian Ocean Territory", "iso_alpha2": "IO"},
          {"name": "British Virgin Islands", "iso_alpha2": "VG"},
          {"name": "Brunei", "iso_alpha2": "BN"},
          {"name": "Bulgaria", "iso_alpha2": "BG"},
          {"name": "Burkina Faso", "iso_alpha2": "BF"},
          {"name": "Burundi", "iso_alpha2": "BI"},
          {"name": "Cabo Verde", "iso_alpha2": "CV"},
          {"name": "Cambodia", "iso_alpha2": "KH"},
          {"name": "Cameroon", "iso_alpha2": "CM"},
          {"name": "Canada", "iso_alpha2": "CA"},
          {"name": "Cayman Islands", "iso_alpha2": "KY"},
          {"name": "Central African Republic", "iso_alpha2": "CF"},
          {"name": "Chad", "iso_alpha2": "TD"},
          {"name": "Chile", "iso_alpha2": "CL"},
          {"name": "China", "iso_alpha2": "CN"},
          {"name": "Christmas Island", "iso_alpha2": "CX"},
          {"name": "Cocos (Keeling) Islands", "iso_alpha2": "CC"},
          {"name": "Colombia", "iso_alpha2": "CO"},
          {"name": "Comoros", "iso_alpha2": "KM"},
          {"name": "Cook Islands", "iso_alpha2": "CK"},
          {"name": "Costa Rica", "iso_alpha2": "CR"},
          {"name": "Croatia", "iso_alpha2": "HR"},
          {"name": "Cyprus", "iso_alpha2": "CY"},
          {"name": "Czechia (Czech Republic)", "iso_alpha2": "CZ"},
          {"name": "Czechoslovakia", "iso_alpha2": "CS", "note": "Historical - dissolved 1993"},
          {"name": "Côte d'Ivoire", "iso_alpha2": "CI"},
          {"name": "Democratic Republic of the Congo", "iso_alpha2": "CD"},
          {"name": "Denmark", "iso_alpha2": "DK"},
          {"name": "Djibouti", "iso_alpha2": "DJ"},
          {"name": "Dominica", "iso_alpha2": "DM"},
          {"name": "Dominican Republic", "iso_alpha2": "DO"},
          {"name": "East Germany", "iso_alpha2": "DD", "note": "Historical - reunified with West Germany 1990"},
          {"name": "Ecuador", "iso_alpha2": "EC"},
          {"name": "Egypt", "iso_alpha2": "EG"},
          {"name": "El Salvador", "iso_alpha2": "SV"},
          {"name": "Equatorial Guinea", "iso_alpha2": "GQ"},
          {"name": "Eritrea", "iso_alpha2": "ER"},
          {"name": "Estonia", "iso_alpha2": "EE"},
          {"name": "Eswatini (Swaziland)", "iso_alpha2": "SZ"},
          {"name": "Ethiopia", "iso_alpha2": "ET"},
          {"name": "Ethiopia prior to Eritrea split", "iso_alpha2": "ET", "note": "Historical reference"},
          {"name": "Falkland Islands", "iso_alpha2": "FK"},
          {"name": "Faroe Islands", "iso_alpha2": "FO"},
          {"name": "Fiji", "iso_alpha2": "FJ"},
          {"name": "Finland", "iso_alpha2": "FI"},
          {"name": "France", "iso_alpha2": "FR"},
          {"name": "French Guiana", "iso_alpha2": "GF"},
          {"name": "French Polynesia", "iso_alpha2": "PF"},
          {"name": "French Southern and Antarctic Lands", "iso_alpha2": "TF"},
          {"name": "Gabon", "iso_alpha2": "GA"},
          {"name": "Gambia", "iso_alpha2": "GM"},
          {"name": "Gaza Strip", "iso_alpha2": "PS", "note": "Part of Palestinian Territory"},
          {"name": "Georgia", "iso_alpha2": "GE"},
          {"name": "Germany", "iso_alpha2": "DE"},
          {"name": "Ghana", "iso_alpha2": "GH"},
          {"name": "Gibraltar", "iso_alpha2": "GI"},
          {"name": "Greece", "iso_alpha2": "GR"},
          {"name": "Greenland", "iso_alpha2": "GL"},
          {"name": "Grenada", "iso_alpha2": "GD"},
          {"name": "Guadeloupe", "iso_alpha2": "GP"},
          {"name": "Guatemala", "iso_alpha2": "GT"},
          {"name": "Guinea", "iso_alpha2": "GN"},
          {"name": "Guinea-Bissau", "iso_alpha2": "GW"},
          {"name": "Guyana", "iso_alpha2": "GY"},
          {"name": "Haiti", "iso_alpha2": "HT"},
          {"name": "Heard and McDonald Islands", "iso_alpha2": "HM"},
          {"name": "Honduras", "iso_alpha2": "HN"},
          {"name": "Hong Kong", "iso_alpha2": "HK"},
          {"name": "Hungary", "iso_alpha2": "HU"},
          {"name": "Iceland", "iso_alpha2": "IS"},
          {"name": "India", "iso_alpha2": "IN"},
          {"name": "Indonesia", "iso_alpha2": "ID"},
          {"name": "Internat Organization", "iso_alpha2": "XZ", "note": "Special user-assigned code"},
          {"name": "Iran", "iso_alpha2": "IR"},
          {"name": "Iraq", "iso_alpha2": "IQ"},
          {"name": "Ireland", "iso_alpha2": "IE"},
          {"name": "Israel", "iso_alpha2": "IL"},
          {"name": "Israel prior to 1989", "iso_alpha2": "IL", "note": "Historical reference"},
          {"name": "Italy", "iso_alpha2": "IT"},
          {"name": "Jamaica", "iso_alpha2": "JM"},
          {"name": "Japan", "iso_alpha2": "JP"},
          {"name": "Jordan", "iso_alpha2": "JO"},
          {"name": "Kazakhstan", "iso_alpha2": "KZ"},
          {"name": "Kenya", "iso_alpha2": "KE"},
          {"name": "Kiribati", "iso_alpha2": "KI"},
          {"name": "Kosovo", "iso_alpha2": "XK", "note": "User-assigned code"},
          {"name": "Kuwait", "iso_alpha2": "KW"},
          {"name": "Kyrgyzstan", "iso_alpha2": "KG"},
          {"name": "Laos", "iso_alpha2": "LA"},
          {"name": "Latvia", "iso_alpha2": "LV"},
          {"name": "Lebanon", "iso_alpha2": "LB"},
          {"name": "Lesotho", "iso_alpha2": "LS"},
          {"name": "Liberia", "iso_alpha2": "LR"},
          {"name": "Libya", "iso_alpha2": "LY"},
          {"name": "Liechtenstein", "iso_alpha2": "LI"},
          {"name": "Lithuania", "iso_alpha2": "LT"},
          {"name": "Luxembourg", "iso_alpha2": "LU"},
          {"name": "Macau", "iso_alpha2": "MO"},
          {"name": "Madagascar", "iso_alpha2": "MG"},
          {"name": "Malawi", "iso_alpha2": "MW"},
          {"name": "Malaysia", "iso_alpha2": "MY"},
          {"name": "Maldives", "iso_alpha2": "MV"},
          {"name": "Mali", "iso_alpha2": "ML"},
          {"name": "Malta", "iso_alpha2": "MT"},
          {"name": "Marshall Islands", "iso_alpha2": "MH"},
          {"name": "Martinique", "iso_alpha2": "MQ"},
          {"name": "Mauritania", "iso_alpha2": "MR"},
          {"name": "Mauritius", "iso_alpha2": "MU"},
          {"name": "Mayotte", "iso_alpha2": "YT"},
          {"name": "Mexico", "iso_alpha2": "MX"},
          {"name": "Micronesia", "iso_alpha2": "FM"},
          {"name": "Moldova", "iso_alpha2": "MD"},
          {"name": "Monaco", "iso_alpha2": "MC"},
          {"name": "Mongolia", "iso_alpha2": "MN"},
          {"name": "Montenegro", "iso_alpha2": "ME"},
          {"name": "Montserrat", "iso_alpha2": "MS"},
          {"name": "Morocco", "iso_alpha2": "MA"},
          {"name": "Mozambique", "iso_alpha2": "MZ"},
          {"name": "Myanmar (Burma)", "iso_alpha2": "MM"},
          {"name": "Namibia", "iso_alpha2": "NA"},
          {"name": "Nauru", "iso_alpha2": "NR"},
          {"name": "Nepal", "iso_alpha2": "NP"},
          {"name": "Netherlands", "iso_alpha2": "NL"},
          {"name": "Netherlands Antilles", "iso_alpha2": "AN", "note": "Historical - dissolved 2010"},
          {"name": "New Caledonia", "iso_alpha2": "NC"},
          {"name": "New Zealand", "iso_alpha2": "NZ"},
          {"name": "Nicaragua", "iso_alpha2": "NI"},
          {"name": "Niger", "iso_alpha2": "NE"},
          {"name": "Nigeria", "iso_alpha2": "NG"},
          {"name": "Niue", "iso_alpha2": "NU"},
          {"name": "Norfolk Island", "iso_alpha2": "NF"},
          {"name": "North Macedonia", "iso_alpha2": "MK"},
          {"name": "Norway", "iso_alpha2": "NO"},
          {"name": "Oman", "iso_alpha2": "OM"},
          {"name": "Pakistan", "iso_alpha2": "PK"},
          {"name": "Palau", "iso_alpha2": "PW"},
          {"name": "Panama", "iso_alpha2": "PA"},
          {"name": "Papua New Guinea", "iso_alpha2": "PG"},
          {"name": "Paraguay", "iso_alpha2": "PY"},
          {"name": "Peru", "iso_alpha2": "PE"},
          {"name": "Philippines", "iso_alpha2": "PH"},
          {"name": "Pitcairn Islands", "iso_alpha2": "PN"},
          {"name": "Poland", "iso_alpha2": "PL"},
          {"name": "Portugal", "iso_alpha2": "PT"},
          {"name": "Puerto Rico/US", "iso_alpha2": "PR"},
          {"name": "Qatar", "iso_alpha2": "QA"},
          {"name": "Republic of the Congo", "iso_alpha2": "CG"},
          {"name": "Reunion", "iso_alpha2": "RE"},
          {"name": "Romania", "iso_alpha2": "RO"},
          {"name": "Russia", "iso_alpha2": "RU"},
          {"name": "Rwanda", "iso_alpha2": "RW"},
          {"name": "Saint Helena", "iso_alpha2": "SH"},
          {"name": "Saint Kitts and Nevis", "iso_alpha2": "KN"},
          {"name": "Saint Lucia", "iso_alpha2": "LC"},
          {"name": "Saint Pierre and Miquelon", "iso_alpha2": "PM"},
          {"name": "Saint Vincent and the Grenadines", "iso_alpha2": "VC"},
          {"name": "Samoa", "iso_alpha2": "WS"},
          {"name": "San Marino", "iso_alpha2": "SM"},
          {"name": "Saudi Arabia", "iso_alpha2": "SA"},
          {"name": "Saudi Arabian-Iraqi neutral zone", "iso_alpha2": "XE", "note": "Historical - partitioned 1991"},
          {"name": "Senegal", "iso_alpha2": "SN"},
          {"name": "Serbia", "iso_alpha2": "RS"},
          {"name": "Serbia and Montenegro", "iso_alpha2": "CS", "note": "Historical - dissolved 2006"},
          {"name": "Serbia prior to 2009", "iso_alpha2": "RS", "note": "Historical reference"},
          {"name": "Seychelles", "iso_alpha2": "SC"},
          {"name": "Sierra Leone", "iso_alpha2": "SL"},
          {"name": "Singapore", "iso_alpha2": "SG"},
          {"name": "Slovakia", "iso_alpha2": "SK"},
          {"name": "Slovenia", "iso_alpha2": "SI"},
          {"name": "Solomon Islands", "iso_alpha2": "SB"},
          {"name": "Somalia", "iso_alpha2": "SO"},
          {"name": "South Africa", "iso_alpha2": "ZA"},
          {"name": "South Korea", "iso_alpha2": "KR"},
          {"name": "South Sudan", "iso_alpha2": "SS"},
          {"name": "South Yemen", "iso_alpha2": "YD", "note": "Historical - unified with North Yemen 1990"},
          {"name": "Soviet Union", "iso_alpha2": "SU", "note": "Historical - dissolved 1991"},
          {"name": "Spain", "iso_alpha2": "ES"},
          {"name": "Sri Lanka", "iso_alpha2": "LK"},
          {"name": "Sudan", "iso_alpha2": "SD"},
          {"name": "Sudan prior to South Sudan split", "iso_alpha2": "SD", "note": "Historical reference"},
          {"name": "Suriname", "iso_alpha2": "SR"},
          {"name": "Svalbard and Jan Mayen", "iso_alpha2": "SJ"},
          {"name": "Sweden", "iso_alpha2": "SE"},
          {"name": "Switzerland", "iso_alpha2": "CH"},
          {"name": "Syria", "iso_alpha2": "SY"},
          {"name": "São Tomé and Príncipe", "iso_alpha2": "ST"},
          {"name": "Taiwan", "iso_alpha2": "TW"},
          {"name": "Tajikistan", "iso_alpha2": "TJ"},
          {"name": "Tanzania", "iso_alpha2": "TZ"},
          {"name": "Thailand", "iso_alpha2": "TH"},
          {"name": "Timor-Leste", "iso_alpha2": "TL"},
          {"name": "Togo", "iso_alpha2": "TG"},
          {"name": "Tokelau", "iso_alpha2": "TK"},
          {"name": "Tonga", "iso_alpha2": "TO"},
          {"name": "Transshipment", "iso_alpha2": "XX", "note": "Special code for transshipment"},
          {"name": "Trinidad and Tobago", "iso_alpha2": "TT"},
          {"name": "Tunisia", "iso_alpha2": "TN"},
          {"name": "Turkey", "iso_alpha2": "TR"},
          {"name": "Turkmenistan", "iso_alpha2": "TM"},
          {"name": "Turks and Caicos Islands", "iso_alpha2": "TC"},
          {"name": "Tuvalu", "iso_alpha2": "TV"},
          {"name": "Uganda", "iso_alpha2": "UG"},
          {"name": "Ukraine", "iso_alpha2": "UA"},
          {"name": "United Arab Emirates", "iso_alpha2": "AE"},
          {"name": "United Kingdom", "iso_alpha2": "GB"},
          {"name": "Unspecified", "iso_alpha2": "ZZ", "note": "Special code for unspecified countries"},
          {"name": "Uruguay", "iso_alpha2": "UY"},
          {"name": "Uzbekistan", "iso_alpha2": "UZ"},
          {"name": "Vanuatu", "iso_alpha2": "VU"},
          {"name": "Vatican City", "iso_alpha2": "VA"},
          {"name": "Venezuela", "iso_alpha2": "VE"},
          {"name": "Vietnam", "iso_alpha2": "VN"},
          {"name": "Wallis and Futuna", "iso_alpha2": "WF"},
          {"name": "West Bank", "iso_alpha2": "PS", "note": "Part of Palestinian Territory"},
          {"name": "Western Sahara", "iso_alpha2": "EH"},
          {"name": "Yemen", "iso_alpha2": "YE"},
          {"name": "Zambia", "iso_alpha2": "ZM"},
          {"name": "Zimbabwe", "iso_alpha2": "ZW"}
        ]
      },
      {
        "code": "P",
        "program_name": "Dominican Republic-Central America-United States Free Trade Agreement Implementation Act",
        "countries": [
          {"name": "Costa Rica", "iso_alpha2": "CR"},
          {"name": "Dominican Republic", "iso_alpha2": "DO"},
          {"name": "El Salvador", "iso_alpha2": "SV"},
          {"name": "Guatemala", "iso_alpha2": "GT"},
          {"name": "Honduras", "iso_alpha2": "HN"},
          {"name": "Nicaragua", "iso_alpha2": "NI"}
        ]
      },
      {
        "code": "P+",
        "program_name": "Dominican Republic-Central America-United States Free Trade Agreement Implementation Act",
        "countries": [
          {"name": "Costa Rica", "iso_alpha2": "CR"},
          {"name": "Dominican Republic", "iso_alpha2": "DO"},
          {"name": "El Salvador", "iso_alpha2": "SV"},
          {"name": "Guatemala", "iso_alpha2": "GT"},
          {"name": "Honduras", "iso_alpha2": "HN"},
          {"name": "Nicaragua", "iso_alpha2": "NI"}
        ]
      },
      {
        "code": "L",
        "program_name": "Uruguay Round Concessions on Intermediate Chemicals for Dyes",
        "countries": [
          {"name": "Afghanistan", "iso_alpha2": "AF"},
          {"name": "Albania", "iso_alpha2": "AL"},
          {"name": "Andorra", "iso_alpha2": "AD"},
          {"name": "Angola", "iso_alpha2": "AO"},
          {"name": "Anguilla", "iso_alpha2": "AI"},
          {"name": "Antigua and Barbuda", "iso_alpha2": "AG"},
          {"name": "Argentina", "iso_alpha2": "AR"},
          {"name": "Armenia", "iso_alpha2": "AM"},
          {"name": "Aruba", "iso_alpha2": "AW"},
          {"name": "Australia", "iso_alpha2": "AU"},
          {"name": "Austria", "iso_alpha2": "AT"},
          {"name": "Azerbaijan", "iso_alpha2": "AZ"},
          {"name": "Bahamas", "iso_alpha2": "BS"},
          {"name": "Bahrain", "iso_alpha2": "BH"},
          {"name": "Bangladesh", "iso_alpha2": "BD"},
          {"name": "Barbados", "iso_alpha2": "BB"},
          {"name": "Belarus", "iso_alpha2": "BY"},
          {"name": "Belgium", "iso_alpha2": "BE"},
          {"name": "Belize", "iso_alpha2": "BZ"},
          {"name": "Benin", "iso_alpha2": "BJ"},
          {"name": "Bermuda", "iso_alpha2": "BM"},
          {"name": "Bhutan", "iso_alpha2": "BT"},
          {"name": "Bolivia", "iso_alpha2": "BO"},
          {"name": "Bosnia and Herzegovina", "iso_alpha2": "BA"},
          {"name": "Botswana", "iso_alpha2": "BW"},
          {"name": "Brazil", "iso_alpha2": "BR"},
          {"name": "British Indian Ocean Territory", "iso_alpha2": "IO"},
          {"name": "British Virgin Islands", "iso_alpha2": "VG"},
          {"name": "Brunei", "iso_alpha2": "BN"},
          {"name": "Bulgaria", "iso_alpha2": "BG"},
          {"name": "Burkina Faso", "iso_alpha2": "BF"},
          {"name": "Burundi", "iso_alpha2": "BI"},
          {"name": "Cabo Verde", "iso_alpha2": "CV"},
          {"name": "Cambodia", "iso_alpha2": "KH"},
          {"name": "Cameroon", "iso_alpha2": "CM"},
          {"name": "Canada", "iso_alpha2": "CA"},
          {"name": "Cayman Islands", "iso_alpha2": "KY"},
          {"name": "Central African Republic", "iso_alpha2": "CF"},
          {"name": "Chad", "iso_alpha2": "TD"},
          {"name": "Chile", "iso_alpha2": "CL"},
          {"name": "China", "iso_alpha2": "CN"},
          {"name": "Christmas Island", "iso_alpha2": "CX"},
          {"name": "Cocos (Keeling) Islands", "iso_alpha2": "CC"},
          {"name": "Colombia", "iso_alpha2": "CO"},
          {"name": "Comoros", "iso_alpha2": "KM"},
          {"name": "Cook Islands", "iso_alpha2": "CK"},
          {"name": "Costa Rica", "iso_alpha2": "CR"},
          {"name": "Croatia", "iso_alpha2": "HR"},
          {"name": "Cyprus", "iso_alpha2": "CY"},
          {"name": "Czechia (Czech Republic)", "iso_alpha2": "CZ"},
          {"name": "Czechoslovakia", "iso_alpha2": "CS", "note": "Historical - dissolved 1993"},
          {"name": "Côte d'Ivoire", "iso_alpha2": "CI"},
          {"name": "Democratic Republic of the Congo", "iso_alpha2": "CD"},
          {"name": "Denmark", "iso_alpha2": "DK"},
          {"name": "Djibouti", "iso_alpha2": "DJ"},
          {"name": "Dominica", "iso_alpha2": "DM"},
          {"name": "Dominican Republic", "iso_alpha2": "DO"},
          {"name": "East Germany", "iso_alpha2": "DD", "note": "Historical - reunified with West Germany 1990"},
          {"name": "Ecuador", "iso_alpha2": "EC"},
          {"name": "Egypt", "iso_alpha2": "EG"},
          {"name": "El Salvador", "iso_alpha2": "SV"},
          {"name": "Equatorial Guinea", "iso_alpha2": "GQ"},
          {"name": "Eritrea", "iso_alpha2": "ER"},
          {"name": "Estonia", "iso_alpha2": "EE"},
          {"name": "Eswatini (Swaziland)", "iso_alpha2": "SZ"},
          {"name": "Ethiopia", "iso_alpha2": "ET"},
          {"name": "Ethiopia prior to Eritrea split", "iso_alpha2": "ET", "note": "Historical reference"},
          {"name": "Falkland Islands", "iso_alpha2": "FK"},
          {"name": "Faroe Islands", "iso_alpha2": "FO"},
          {"name": "Fiji", "iso_alpha2": "FJ"},
          {"name": "Finland", "iso_alpha2": "FI"},
          {"name": "France", "iso_alpha2": "FR"},
          {"name": "French Guiana", "iso_alpha2": "GF"},
          {"name": "French Polynesia", "iso_alpha2": "PF"},
          {"name": "French Southern and Antarctic Lands", "iso_alpha2": "TF"},
          {"name": "Gabon", "iso_alpha2": "GA"},
          {"name": "Gambia", "iso_alpha2": "GM"},
          {"name": "Gaza Strip", "iso_alpha2": "PS", "note": "Part of Palestinian Territory"},
          {"name": "Georgia", "iso_alpha2": "GE"},
          {"name": "Germany", "iso_alpha2": "DE"},
          {"name": "Ghana", "iso_alpha2": "GH"},
          {"name": "Gibraltar", "iso_alpha2": "GI"},
          {"name": "Greece", "iso_alpha2": "GR"},
          {"name": "Greenland", "iso_alpha2": "GL"},
          {"name": "Grenada", "iso_alpha2": "GD"},
          {"name": "Guadeloupe", "iso_alpha2": "GP"},
          {"name": "Guatemala", "iso_alpha2": "GT"},
          {"name": "Guinea", "iso_alpha2": "GN"},
          {"name": "Guinea-Bissau", "iso_alpha2": "GW"},
          {"name": "Guyana", "iso_alpha2": "GY"},
          {"name": "Haiti", "iso_alpha2": "HT"},
          {"name": "Heard and McDonald Islands", "iso_alpha2": "HM"},
          {"name": "Honduras", "iso_alpha2": "HN"},
          {"name": "Hong Kong", "iso_alpha2": "HK"},
          {"name": "Hungary", "iso_alpha2": "HU"},
          {"name": "Iceland", "iso_alpha2": "IS"},
          {"name": "India", "iso_alpha2": "IN"},
          {"name": "Indonesia", "iso_alpha2": "ID"},
          {"name": "Internat Organization", "iso_alpha2": "XZ", "note": "Special user-assigned code"},
          {"name": "Iran", "iso_alpha2": "IR"},
          {"name": "Iraq", "iso_alpha2": "IQ"},
          {"name": "Ireland", "iso_alpha2": "IE"},
          {"name": "Israel", "iso_alpha2": "IL"},
          {"name": "Israel prior to 1989", "iso_alpha2": "IL", "note": "Historical reference"},
          {"name": "Italy", "iso_alpha2": "IT"},
          {"name": "Jamaica", "iso_alpha2": "JM"},
          {"name": "Japan", "iso_alpha2": "JP"},
          {"name": "Jordan", "iso_alpha2": "JO"},
          {"name": "Kazakhstan", "iso_alpha2": "KZ"},
          {"name": "Kenya", "iso_alpha2": "KE"},
          {"name": "Kiribati", "iso_alpha2": "KI"},
          {"name": "Kosovo", "iso_alpha2": "XK", "note": "User-assigned code"},
          {"name": "Kuwait", "iso_alpha2": "KW"},
          {"name": "Kyrgyzstan", "iso_alpha2": "KG"},
          {"name": "Laos", "iso_alpha2": "LA"},
          {"name": "Latvia", "iso_alpha2": "LV"},
          {"name": "Lebanon", "iso_alpha2": "LB"},
          {"name": "Lesotho", "iso_alpha2": "LS"},
          {"name": "Liberia", "iso_alpha2": "LR"},
          {"name": "Libya", "iso_alpha2": "LY"},
          {"name": "Liechtenstein", "iso_alpha2": "LI"},
          {"name": "Lithuania", "iso_alpha2": "LT"},
          {"name": "Luxembourg", "iso_alpha2": "LU"},
          {"name": "Macau", "iso_alpha2": "MO"},
          {"name": "Madagascar", "iso_alpha2": "MG"},
          {"name": "Malawi", "iso_alpha2": "MW"},
          {"name": "Malaysia", "iso_alpha2": "MY"},
          {"name": "Maldives", "iso_alpha2": "MV"},
          {"name": "Mali", "iso_alpha2": "ML"},
          {"name": "Malta", "iso_alpha2": "MT"},
          {"name": "Marshall Islands", "iso_alpha2": "MH"},
          {"name": "Martinique", "iso_alpha2": "MQ"},
          {"name": "Mauritania", "iso_alpha2": "MR"},
          {"name": "Mauritius", "iso_alpha2": "MU"},
          {"name": "Mayotte", "iso_alpha2": "YT"},
          {"name": "Mexico", "iso_alpha2": "MX"},
          {"name": "Micronesia", "iso_alpha2": "FM"},
          {"name": "Moldova", "iso_alpha2": "MD"},
          {"name": "Monaco", "iso_alpha2": "MC"},
          {"name": "Mongolia", "iso_alpha2": "MN"},
          {"name": "Montenegro", "iso_alpha2": "ME"},
          {"name": "Montserrat", "iso_alpha2": "MS"},
          {"name": "Morocco", "iso_alpha2": "MA"},
          {"name": "Mozambique", "iso_alpha2": "MZ"},
          {"name": "Myanmar (Burma)", "iso_alpha2": "MM"},
          {"name": "Namibia", "iso_alpha2": "NA"},
          {"name": "Nauru", "iso_alpha2": "NR"},
          {"name": "Nepal", "iso_alpha2": "NP"},
          {"name": "Netherlands", "iso_alpha2": "NL"},
          {"name": "Netherlands Antilles", "iso_alpha2": "AN", "note": "Historical - dissolved 2010"},
          {"name": "New Caledonia", "iso_alpha2": "NC"},
          {"name": "New Zealand", "iso_alpha2": "NZ"},
          {"name": "Nicaragua", "iso_alpha2": "NI"},
          {"name": "Niger", "iso_alpha2": "NE"},
          {"name": "Nigeria", "iso_alpha2": "NG"},
          {"name": "Niue", "iso_alpha2": "NU"},
          {"name": "Norfolk Island", "iso_alpha2": "NF"},
          {"name": "North Macedonia", "iso_alpha2": "MK"},
          {"name": "Norway", "iso_alpha2": "NO"},
          {"name": "Oman", "iso_alpha2": "OM"},
          {"name": "Pakistan", "iso_alpha2": "PK"},
          {"name": "Palau", "iso_alpha2": "PW"},
          {"name": "Panama", "iso_alpha2": "PA"},
          {"name": "Papua New Guinea", "iso_alpha2": "PG"},
          {"name": "Paraguay", "iso_alpha2": "PY"},
          {"name": "Peru", "iso_alpha2": "PE"},
          {"name": "Philippines", "iso_alpha2": "PH"},
          {"name": "Pitcairn Islands", "iso_alpha2": "PN"},
          {"name": "Poland", "iso_alpha2": "PL"},
          {"name": "Portugal", "iso_alpha2": "PT"},
          {"name": "Puerto Rico/US", "iso_alpha2": "PR"},
          {"name": "Qatar", "iso_alpha2": "QA"},
          {"name": "Republic of the Congo", "iso_alpha2": "CG"},
          {"name": "Reunion", "iso_alpha2": "RE"},
          {"name": "Romania", "iso_alpha2": "RO"},
          {"name": "Russia", "iso_alpha2": "RU"},
          {"name": "Rwanda", "iso_alpha2": "RW"},
          {"name": "Saint Helena", "iso_alpha2": "SH"},
          {"name": "Saint Kitts and Nevis", "iso_alpha2": "KN"},
          {"name": "Saint Lucia", "iso_alpha2": "LC"},
          {"name": "Saint Pierre and Miquelon", "iso_alpha2": "PM"},
          {"name": "Saint Vincent and the Grenadines", "iso_alpha2": "VC"},
          {"name": "Samoa", "iso_alpha2": "WS"},
          {"name": "San Marino", "iso_alpha2": "SM"},
          {"name": "Saudi Arabia", "iso_alpha2": "SA"},
          {"name": "Saudi Arabian-Iraqi neutral zone", "iso_alpha2": "XE", "note": "Historical - partitioned 1991"},
          {"name": "Senegal", "iso_alpha2": "SN"},
          {"name": "Serbia", "iso_alpha2": "RS"},
          {"name": "Serbia and Montenegro", "iso_alpha2": "CS", "note": "Historical - dissolved 2006"},
          {"name": "Serbia prior to 2009", "iso_alpha2": "RS", "note": "Historical reference"},
          {"name": "Seychelles", "iso_alpha2": "SC"},
          {"name": "Sierra Leone", "iso_alpha2": "SL"},
          {"name": "Singapore", "iso_alpha2": "SG"},
          {"name": "Slovakia", "iso_alpha2": "SK"},
          {"name": "Slovenia", "iso_alpha2": "SI"},
          {"name": "Solomon Islands", "iso_alpha2": "SB"},
          {"name": "Somalia", "iso_alpha2": "SO"},
          {"name": "South Africa", "iso_alpha2": "ZA"},
          {"name": "South Korea", "iso_alpha2": "KR"},
          {"name": "South Sudan", "iso_alpha2": "SS"},
          {"name": "South Yemen", "iso_alpha2": "YD", "note": "Historical - unified with North Yemen 1990"},
          {"name": "Soviet Union", "iso_alpha2": "SU", "note": "Historical - dissolved 1991"},
          {"name": "Spain", "iso_alpha2": "ES"},
          {"name": "Sri Lanka", "iso_alpha2": "LK"},
          {"name": "Sudan", "iso_alpha2": "SD"},
          {"name": "Sudan prior to South Sudan split", "iso_alpha2": "SD", "note": "Historical reference"},
          {"name": "Suriname", "iso_alpha2": "SR"},
          {"name": "Svalbard and Jan Mayen", "iso_alpha2": "SJ"},
          {"name": "Sweden", "iso_alpha2": "SE"},
          {"name": "Switzerland", "iso_alpha2": "CH"},
          {"name": "Syria", "iso_alpha2": "SY"},
          {"name": "São Tomé and Príncipe", "iso_alpha2": "ST"},
          {"name": "Taiwan", "iso_alpha2": "TW"},
          {"name": "Tajikistan", "iso_alpha2": "TJ"},
          {"name": "Tanzania", "iso_alpha2": "TZ"},
          {"name": "Thailand", "iso_alpha2": "TH"},
          {"name": "Timor-Leste", "iso_alpha2": "TL"},
          {"name": "Togo", "iso_alpha2": "TG"},
          {"name": "Tokelau", "iso_alpha2": "TK"},
          {"name": "Tonga", "iso_alpha2": "TO"},
          {"name": "Transshipment", "iso_alpha2": "XX", "note": "Special code for transshipment"},
          {"name": "Trinidad and Tobago", "iso_alpha2": "TT"},
          {"name": "Tunisia", "iso_alpha2": "TN"},
          {"name": "Turkey", "iso_alpha2": "TR"},
          {"name": "Turkmenistan", "iso_alpha2": "TM"},
          {"name": "Turks and Caicos Islands", "iso_alpha2": "TC"},
          {"name": "Tuvalu", "iso_alpha2": "TV"},
          {"name": "Uganda", "iso_alpha2": "UG"},
          {"name": "Ukraine", "iso_alpha2": "UA"},
          {"name": "United Arab Emirates", "iso_alpha2": "AE"},
          {"name": "United Kingdom", "iso_alpha2": "GB"},
          {"name": "Unspecified", "iso_alpha2": "ZZ", "note": "Special code for unspecified countries"},
          {"name": "Uruguay", "iso_alpha2": "UY"},
          {"name": "Uzbekistan", "iso_alpha2": "UZ"},
          {"name": "Vanuatu", "iso_alpha2": "VU"},
          {"name": "Vatican City", "iso_alpha2": "VA"},
          {"name": "Venezuela", "iso_alpha2": "VE"},
          {"name": "Vietnam", "iso_alpha2": "VN"},
          {"name": "Wallis and Futuna", "iso_alpha2": "WF"},
          {"name": "West Bank", "iso_alpha2": "PS", "note": "Part of Palestinian Territory"},
          {"name": "Western Sahara", "iso_alpha2": "EH"},
          {"name": "Yemen", "iso_alpha2": "YE"},
          {"name": "Zambia", "iso_alpha2": "ZM"},
          {"name": "Zimbabwe", "iso_alpha2": "ZW"}
        ]
      },
      {
        "code": "R",
        "program_name": "United States-Caribbean Basin Trade Partnership Act",
        "countries": []
      },
      {
        "code": "MA",
        "program_name": "United States-Morocco Free Trade Agreement Implementation Act",
        "countries": [
          {"name": "Morocco", "iso_alpha2": "MA"}
        ]
      },
      {
        "code": "MX",
        "program_name": "NAFTA for Mexico",
        "countries": [
          {"name": "Mexico", "iso_alpha2": "MX"}
        ]
      },
      {
        "code": "SG",
        "program_name": "United States-Singapore Free Trade Agreement",
        "countries": [
          {"name": "Singapore", "iso_alpha2": "SG"}
        ]
      },
      {
        "code": "OM",
        "program_name": "United States-Oman Free Trade Agreement Implementation Act",
        "countries": [
          {"name": "Oman", "iso_alpha2": "OM"}
        ]
      },
      {
        "code": "PE",
        "program_name": "United States-Peru Trade Promotion Agreement Implementation Act",
        "countries": [
          {"name": "Peru", "iso_alpha2": "PE"}
        ]
      },
      {
        "code": "KR",
        "program_name": "United States-Korea Free Trade Agreement Implementation Act",
        "countries": [
          {"name": "South Korea", "iso_alpha2": "KR"}
        ]
      },
      {
        "code": "CO",
        "program_name": "United States-Colombia Trade Promotion Agreement Implementation Act",
        "countries": [
          {"name": "Colombia", "iso_alpha2": "CO"}
        ]
      },
      {
        "code": "PA",
        "program_name": "United States-Panama Trade Promotion Agreement Implementation Act",
        "countries": [
          {"name": "Panama", "iso_alpha2": "PA"}
        ]
      },
      {
        "code": "NP",
        "program_name": "Nepal Preference Program",
        "countries": [
          {"name": "Nepal", "iso_alpha2": "NP"}
        ]
      },
      {
        "code": "S",
        "program_name": "United States-Mexico-Canada Agreement",
        "countries": [
          {"name": "Canada", "iso_alpha2": "CA"},
          {"name": "Mexico", "iso_alpha2": "MX"}
        ]
      },
      {
        "code": "S+",
        "program_name": "United States-Mexico-Canada Agreement",
        "countries": [
          {"name": "Canada", "iso_alpha2": "CA"},
          {"name": "Mexico", "iso_alpha2": "MX"}
        ]
      }
    ]
  }
  